chroma_stft_mean,chroma_stft_var,rms_mean,rms_var,spectral_centroid_mean,spectral_centroid_var,spectral_bandwidth_mean,spectral_bandwidth_var,rolloff_mean,rolloff_var,zero_crossing_rate_mean,zero_crossing_rate_var,harmony_mean,harmony_var,perceptr_mean,perceptr_var,tempo,mfcc1_mean,mfcc1_var,mfcc2_mean,mfcc2_var,mfcc3_mean,mfcc3_var,mfcc4_mean,mfcc4_var,mfcc5_mean,mfcc5_var,mfcc6_mean,mfcc6_var,mfcc7_mean,mfcc7_var,mfcc8_mean,mfcc8_var,mfcc9_mean,mfcc9_var,mfcc10_mean,mfcc10_var,mfcc11_mean,mfcc11_var,mfcc12_mean,mfcc12_var,mfcc13_mean,mfcc13_var,mfcc14_mean,mfcc14_var,mfcc15_mean,mfcc15_var,mfcc16_mean,mfcc16_var,mfcc17_mean,mfcc17_var,mfcc18_mean,mfcc18_var,mfcc19_mean,mfcc19_var,mfcc20_mean,mfcc20_var
0.58532006,0.07143478,0.14008819,0.007914718,1896.9743752869936,1081325.0844095708,2309.7368102422806,550105.6960876954,4288.109543474173,5851717.433814603,0.05278432955115346,0.0021192674925463806,-2.7890244e-06,0.0068474687,2.4844537e-06,0.012173623,123.046875,-200.6398,10404.264,81.68705,1437.8938,8.529024,649.98645,47.258987,295.34497,27.061207,222.27426,25.430115,160.77208,16.232496,101.61743,13.7554865,85.53174,6.327966,65.69484,7.813466,66.0574,0.9461847,38.822414,9.2513,48.337124,1.1473436,48.620518,2.4652305,44.360268,0.27345383,41.02042,5.5434465,60.802372,0.19727863,75.9634,1.7361823,43.22823,-0.05153069,44.929794,-1.829791,42.435947
